Source_id,Sentence_en
1,Eclipse gives Eclipse to identify whether the error.
2,"""And it came to pass, when I said unto you, It is written in the faith of faith, lest by the faith."""
3,Then I click on the Edit button.
4,"This is the initialization that we will set the values for index 1, first indicating 1."
5,"""And when I heard that it came to pass, behold, the second line, I heard the image, here, till I heard it."""
6,"In this tutorial, we have learnt about the objects in the original object."
7,Child has trust in you all.
8,Make sure that are the exclamation mark before the nature.
9,"""For ye have heard of good, and builded together, because ye have received him, despise of bought, and to whom ye have made us."""
10,"""This lack is water, the water of water, birds, hosture is cooked."""
11,They all book.
12,Paternal grandfather came from Kalinga.
13,"Once again go to the top, go to 0 and click on the tab."
14,Notice that the Align and Distribute options on the interface.
15,Click on the breakpoint.
16,We have already created a Book here.
17,""" incompile Yoga is done by old"""
18,They are teachers
19,"Apache, MySQL and PHP obtained through XAMPP 5.5.19"
20,"Here, we can see the title of our program."
21,Arithmetic objects.
22,1. Sushy animals
23,"In the Launcher, we can add both the Launcher."
24,and does not take up the height of the itself to it.
25,"""These things were used to search for air filling in search enable words, tendered in various incarnation etc."""
26,You can also use some of insects and other practicious.
27,Switch to the morning.
28,Boy displays affection in you.
29,He gave us to destroy the blood.
30,"In this tutorial, I am cataloged Indian Journal of Microbiology."
31,"Next, locate the main method."
32,• Keep the legs together and palms facing each other.
33,I select the Brush tool and select the Gradients and I select the tool.
34,Then we will set the discipline for Firefox.
35,They can also make oxygen.
36,"""But if ye all men were together, brethren, love, and hungry, and upon every house of God;"""
37,Folk list of folk songs are found in the house of wild animals.
38,"""He that hath given all things, and said unto him, He that is good: and he that is good, and to all men of the Lord gave me."""
39,"""Wherever and fast, the fertilizing their own food."""
40,close Basket (Order)
41,A space minus vary
42,"""To whom the great furnit of bought have the Indian of of of the rivers, and of babharma, believed the great company of Nachas of Nas."""
43,This brings us to the end of this tutorial.
44,These methods are use of multiple objects.
45,Pandavas have forest in forest
46,"To read, we will delete the file “Sprint.txt”."
47,More information on this mission is available at spoken-tutorial.org
48,"Now, for Moodle settings is designing for Moodle website."
49,"Once again, I will leave the check-box in FrontAccounting."
50,"""And this all the prophets, and all the multitude of Israel."""
51,Welcome to Meet The GIMP.
52,This will take a variable to declare a variable.
53,We see that the jobs are printed.
54,"As we can see, the subcategory and Mathematics."
55,"Now, we will learn how to create a project using Firefox IDE."
56,He is formed on the bow.
57,We all may understand
58,"So, I will leave the command-box for Name and press Enter."
59,Keep your hands at the following position.
60,"""And when they had entered into their clothes, they went into the city."""
61,"Now, let me enter the ISCPIPE to display."
62,Enter the eyes.
63,Let us look at the end of this tutorial.
64,We will see the seven angels now.
65,"""From that the clean and sitting food is required for another, hungry from food."""
66,Anutto: One who is the steward of the ocean of the food.
67,"If you do not have good bandwidth, you can download and watch it."
68,Sew a double-wel to stole out with sewing.
69,Bend the left leg and the right thigh as far as possible.
70,You can change the name to a circle.
71,There is a fow of water and proper diseases.
72,The book is hiding.
73,Right-click on the MySQL server node.
74,And here is an error.
75,We will be staying here.
76,"""And when they had found him, saying, It is acked among us the Jews, If thou knowest the day."""
77,So the control goes back to the displayMessage.
78,Let’s now add the current directories.
79,Women is decorating the god.
80,3. What is the Geeta?
81,"""However, it would be used in water,"""
82,"""Relvul the buttocks, shifting the hands and palms fla."""
83,Then we will check for this method.
84,Child has affection in the bag.
85,"""Whosoever he is nothing of the Lord, that is nothing of the Lord is nothing."""
86,identify the sewing need
87,4. Most green plant is green plant.
88,I click on the logo and click on the Tool.
89,We have created a rectangle on the rectangle.
90,Hanuman Ramu Sita in Sita.
91,"Let us summarize. In this tutorial, we learnt about:"
92,"""Or unto this day, that was called the glory of God, called Espeakable: for whom cometh, and the lacked of his angels,"""
93,It also helps us to learn about different types of this tutorial and stresses are based on health benefits.
94,"Now, let us learn to install the Synaptic Package Manager."
95,These one may be divided or may set to another.
96,Click on the Vip this link.
97,Who is the?
98,That is a class.
99,Eg: this ⁇ 1 ⁇  which has been added to 'gif' or 'gif'.
100,"""It can be used to make water in different areas such as well for water, different breed."""
101,"""To whom he has a commandment unto all wisdom, and made of people, neither by the Lord Jesus Christ;"""
102,That is a dramat by knowledge of food for your creator.
103,"""And he saith unto them, The fathers,"""
104,"""And he answered and said unto them, Whomsoever he was made me, he that sent me of the sabbath day, being made me."""
105,Go to save the logo.
106,Skeletonasana: One whose Sug Vajrasana is extremely simple Mantasana.
107,These are Asanas.
108,Krishna is the causes of all.
109,Monkeys is brought unto the output.
110,Who are the warriors?
111,Click on Change the bottom at the bottom of the page.
112,Thou asked iron.
113,"""And this parable was to the prophets, and gave up to the sepulchre."""
114,There are many other in this house.
115,Let us add Service tax. We can also add Service taxes.
116,We have already seen a bit about the tutorial.
117,"Now, type the command dot slash, Press Enter."
118,Type the command as follows and functions.
119,"Then, let us start to represent the Variable layer mode."
120,"""But the firstfoots of the Lord, being knocked unto him, saying, It is the book of God; and every man shall bear me."""
121,"But, it’s right angle bracket is right angle brackets and double right angle brackets."
122,Now we can see the use of the id.
123,The rest of the One who has been explained in the form of the body.
124,"""Therefore, go to Jerusalem to the same is day:"""
125,It is also used to know the class by default and A constructor
126,You are son of Kunti.
127,What was the rajan?
128,Save the program and run this program.
129,"In the sub-field ‘a’ field, type: 67’s60."
130,"As we can see, we can see the source file at the time."
131,It is necessary for the whole body.
132,"In this tutorial, we will learn how to create a sequence in an array operations?"
133,Create a circle and create a circle with the circle.
134,A dialog box appears.
135,Let’s come here. Let me add it to the rectangle.
136,Following is believed that was moved to this child.
137,Here we see that the list of all users has changed to a directory.
138,Linking this tutorial.
139,This LaTeX document will also have the Windows download and LaTeX document for information and install your MikTeX distribution
140,Let us see that the flow of the block diagrams.
141,We both must speak.
142,You must know about the Internal command.
143,And a program should have the program.
144,• Place the legs off the knees and bring the knees.
145,"""This is a vertical bar, you have the other images like this image."""
146,Krishna is instruction of the garden.
147,"For this tutorial, I have already added the For this tutorial."
148,"Spoken Tutorial project is a part of the ""Talk to a Teacher"" project,"
149,Koha Spoken Tutorial Library.
150,"""And when he saw him, the fameless, he saw him on heaven, and mouth of heaven."""
151,Go to your browser.
152,For your timed to enter our email-
153,And of the different objects using the structure.
154,More information on this mission is available at this link.
155,"However, Internet Explorer should be avoided, as it causes some display inconsistencies."
156,"At the prompt, type the command: http space double quotes and press Enter."
157,"First, let’s see what happens inha?"
158,This is possible to make the form of Sukshma Vyayama and
159,Bag backwards.
160,"""Blessed are distraction, and glory, and I will also glorify thee in his glory."""
161,"""Pulates in the default, the sectical shines in the sective,(m, almostlygressing) like-works, cull,"""
162,"""And it came to pass, and said, Is not the beginning of the Lord: but their life shall be."""
163,I think I did.
164,Ember the EV and store the values of different indices by changing the variables.
165,We have put the part of the body.
166,A line will be replaced by selecting a particular source.
167,• Place the knees in Tadasana.
168,Let us see the file in the contents.txt file.
169,"""And he said unto them, Woe unto you, And he saith unto you, The nation;"""
170,explain tribal music
171,"So, I can pull the point here and here."
172,"Ember color from Hindas, exch15 and 198 by 31"
173,"""Jesus saith unto them, Our friend Lazarus, O ye had made with the wickedness:"""
174,"""And it came to pass, that the word of the world, and groeth not believe."""
175,Let us see how we can see how to use the debugger.
176,Click on OK and close the dialog box.
177,Spoken Tutorial project is a Spoken Tutorial project.
178,"So, I select the value here is set to 10."
179,read the condition.
180,Today there is cooking.
181,Welcome to the spoken tutorial on it.
182,"Next, we will see the Description and the details as Summary."
183,That is a bark.
184,The output shows that we want to create a graphical look at the bottom of the Budget.
185,"Now printf statement is for the printf function, we use cinout of the cout function."
186,3. Lal has much much of love.
187,It is used for various incarnation of reach the nonvity.
188,"So, let me select the actual area and one."
189,"""Never, draw the size of the planets, small and the elephy's physical exercises, rish, it is visible."""
190,So practice this position for making your breaths per minute and 30 seconds.
191,"Spoken Tutorial project is a part of the Talk to a Teacher project and is supported by the National Mission on Education through ICT, MHRD, Government of India."
192,The Spoken Tutorial Project Team conducts workshops using spoken tutorials.
193,"""And the spirit saith unto him, If the spirit shall be the spirit against God, and the glory of Israel."""
194,"""Anirdes He who is trunvishable, one who is pleased."""
195,The right heel as it had been done by the right heel.
196,Teacher explains these boys.
197,There are two types of organisms andssues.
198,"""Then took took their hands and took up, and gave them to draw an image, and cast them into an image."""
199,"So, when I can create a new layer, we can see that the Saturation and select the value of this has changed and you can see that the layer is by using the layer mask."
200,"""He:One who is the Spirit of his demahada, the Spirit of the Spirit."""
201,You can also use the list of organisms.
202,Let us now add a using the class.
203,2.
204,"To do so, there is water in the water."
205,"""Be ye therefore the servants, and let him hear: but it, and when ye shall be so that hear measured away."""
206,This is because we have to put the values of different values.
207,Now press Ctrl + D to show the archer.
208,Now click on the Selector tool.
209,I will enter me.
210,All the breath if you are turned on out through the mouth. You will be breathe in front of breath.
211,Now we will print the details of the method.
212,Go to select the Vow menu.
213,"For this tool, I am using Firefox Extensions. Here, this is done using the immense."
214,Touch the 400 and Bond Order as 3.
215,"Use and how to set them,"
216,Provision care of three fields.
217,"""And Jesus answered and said unto him, Art thou?"""
218,Boy has friendship on those.
219,showed in the Vipip records.
220,"""Then said they unto him, Take heed that I say unto thee, That's sake: but my feet, will be born."""
221,Ubuntu Software Centre on Ubuntu Linux.
222,Child has trust in these all.
223,I will select the Grids as 15 and select the Gradi.
224,"""Knowing this, O God, behold, thou also walk not in thy word, but the Jews which shall see my word of thy word, and the Jews also suffer their sight."""
225,"So, Lord Sri Krishna is the Virbha(June)"
226,It helps to one player to perform a program.
227,What are the following whether the following lines or false.
228,"""And when he had taken up, he departed from heaven, that followed him."""
229,"In the search bar, type: cd space dot cpp and press Enter."
230,"""The Lakshmana are many of the kingdom of heaven; as many devices, and many, Neither are all men;"""
231,They see that the colours is into the middle of temple.
232,You all know what happens?
233,The next menu is how to check the same procedure from the Message.
234,Those are two bottles.
235,The first row is the General Ledger Classes.
236,"""And it came to pass, that a certain leaving out of the spirit, and slew them that were with a publican."""
237,But these are neither amount.
238,"""Ton the Lord of those eighth, seeking one of the Lord, Greetami, and the Lord, or the name of the Lord of all men;"""
239,"""It promotes harmony, peace and Meditation"""
240,Mammals : The copy of human kriyas on the copy of the human kidi and rush.
241,It is not possible to store the da as pair or hand or else.
242,The project is displayed as: I will be a greater than 5 and returns of 10.
243,What was the son of these things?
244,Let's see that we can see the same code in which we created earlier.
245,"""In the body parts of the body, the ointment greater than the body."""
246,This is known unto all the people of Israel;
247,"""In Vedic period, there are some fiarpened in Rishi. Siva, Narpened textlikeyi, Sattva and Siva."""
248,Click on the screen at the link to see the link shown on the screen.
249,We can see that the handles has changed and the handles.
250,"""For example, Human is called Eetetetetthe ket"""
251,"""And in this tutorial, the brother Paul would have written unto the obst the people, the brethren, the brethren that we are done by the brethren, for the people people people people people people people people unto the brethren."""
252,These Two armies
253,"However, I will not access the web pages that you need to access the web browser."
254,"""And when he had called the centurion, he charged him, Behament, he saith unto you, Revolution to be examber;"""
255,Let me give you what happens.
256,In the Sendjane.
257,"""Then cometh one in the form of all angels,ucked together."""
258,Then click on Site Administration.
259,When it was performed in the midst of Kriyas.
260,I have written unto you occasion with you.
261,A new page opens.
262,"And in Linux, everything is the Synaptic Package Manager."
263,"For example, we have to input from an array element, sequence to be equal to our sequence."
264,Those are samskritam houses.
265,"Save the image, save the file."
266,Type 4
267,a small knit in the bags with por them.
268,This helps your focus on your mind and calm.
269,It is important to note here that: During the practice of practice
270,"""Then said they unto them that much more in the passophious, and slew them."""
271,"""Then cometh he unto them, saying, Why do ye out of his disciples?"""
272,First we have created a layer mask to the courses.
273,Open the terminal.
274,"Now, let us check the asterisk (in” method)."
275,"""The children are different conditions in different cultural, rough, satellites, different cultures is different cultures as in different conditions."""
276,You see the curved lines.
277,Click on the file link and click on the file link.
278,"""And when he had spoken unto them, he began into Jordan, he took thewel, and said unto them, Take no man, Abomans the hands of Samar, and heard him."""
279,As you can see some common amount.
280,The this tutorial will learn the web application-
281,But I can change the colour for I don’t want to change it with the image and I can do this image here.
282,"But, we can use the blocks tutorial."
283,"So, inside this method is declared."
284,Firefox web-brows and Firefox has a Web.
285,We will see the code on the code.
286,"""1ar seeds from water, fire, air fill in water, stems and stove."""
287,"""And the things said unto him, Art thou cast a faint when it is, take him to be blaspheus, and to give his mouth, how great things? behold?"""
288,The normal breathing of blood
289,"""Then cometh Jesus, and came to the kingdom of John, and the kingdom of Jesus, and John."""
290,"Now, let us try the code and run how to run the code."
291,"From the Menu bar, you will switch to the tool and the Netbeans IDE."
292,"""For the children of them, These are lacked to the world, and to be made unto the children of his disciples."""
293,And I have done this code for you.
294,Rama executes the bow.
295,"""And he said unto them, Sirs, that they had made me, and saw the kingdom of God, which came up."""
296,Then we want to use the multiple lines
297,The output shows the sequence in between the two columns: the output from the circle.
298,"Firefox allows you to create a Windows vary and how to create a proxy,"
299,"""Looking from the words, while we eat the elements of our ears, which we have been explained by his own food."""
300,Let us go back to the box where the box appears.
301,"""For he will take him to a son, and laid him in him as a devil; and it gives him to him:"""
302,Make tight fists of your palms facing down.
303,"Now, let us able to hide or able to change the same project or see the Stroke paint, that the Stroke paint tab."
304,"""One who had done to Rama's quest of life and knowledge, he deed to knowledge of Rama's sake, and determined to knowledge."""
305,Scroll down and click on Save and display button at the bottom of the page.
306,"From the File, right-clicking and then choose the option from the Performed Action."
307,"""Then cometh he in the midst of the disciples,"""
308,Among the brassions are singing.
309,"""Then said he unto the prophets, By man is the prophets, and now I say unto you, He that is the law of the prophets, and now is the prophets, and from heaven."""
310,"""And the angel of the sealed, who shall be converted to the seventh day of the husband: and the number of peace shall be up."""
311,And close the mouse button.
312,"""""""Sir asked, most of sun, sir?"""" Vir asked."""
313,"Then, we call the Available CopyCheckout."
314,"Now, go to 3CNUPUBLICATION OF FICATION OF ETC."
315,The warriors are there on the top of the war.
316,Helps from the help of air to find out the mouth and wu for air.
317,Poosing from the balance of the shoulder.
318,"""And he said unto them, Ye shall be taken:"""
319,"""But about the legs, keep the legs together."""
320,Snake lives in the cave.
321,"""Again, I have one in my words, and my name, my sake."""
322,Those are neck.
323,"""Inhale, NAM interface and the primization of breath, like Cows."""
324,"With this, we have the fourth fest things which are made."
325,Let us go back to the page.
326,Tomorrow will be required in Sanskrit.
327,Right-click on the menu items.
328,Less than or equal to  ⁇  i.e.
329,under the Align and poistribute options. We will learn about many options in the interface.
330,The output is displayed as an enhered.
331,The condition is true for the conditionue to the incremented then the condition will be executed.
332,"Now, objects are aligned to two objects."
333,"""A food is how to be used for making the cooking"""
334,Here we have final variable add final variable name.
335,"Now, I just switch to the brush and switch the Send here and click on the Manager and here I switch the Tool and click on it."
336,"This is because our command lines, the file would check the particular record will see the blank boxes the file."
337,You all attract.
338,"Now, let us type the method in the getDetails parentheses."
339,We can also add a colour to the colour into the level.
340,"""But when thou shalt be strong, the left, the hour, if thou be able to the left, the left."""
341,It is a great high priest for Sita.
342,We got the method of drawing and the method.
343,Epati is very useful to save and do well.
344,"For example, we have made that, in the end, we will keep it."
345,Sarvagah: One who performs the nature (You)
346,Boy displays compassion in those all.
347,"""And he sent him the Epol was before him, and sent him I sent him."""
348,"""And he said unto them, Ye shall drink, and healing the kingdom of God."""
349,I will type the name of this file.
350, ⁇ ा ⁇ ् ⁇ ां  ⁇ ापं  ⁇ ् ⁇ ् ⁇ ् ⁇ ा ⁇ ्  ⁇ ्  ⁇ ाः  ⁇ ां  ⁇ ाति  ⁇ 
351,Locate the blank boxes as shown.
352,We have already seen the application by typing the request.
353,It is supported by the time of the date and time on the quiz.
354,Now let us use the addition operator.
355,You stood.
356,"Lastly, click on Save changes button."
357,"Under the drop-down list, click on our requirement and drag."
358,"""And when they saw no more, they say, we heard that they are perfection."""
359,"""And he spake these things unto him, They all the people ran together, a great multitudes with him."""
360,Both the soldiers is soldiers.
361,Paternal grandfather is more.
362,There are many as in living organisms.
363,"Click on the drop-down list. Notice, there are several sources."
364,Select any option.
365,"""The second there is a buffers for digging and mossues, there is an organic for sales and boiling."""
366,"""For if the body shall be in us, the body should be he?"""
367,"Keep 0 within curly bracket, type 0;"
368,The animals of vips from the following details of organisms.
369,"""After that he should be taken, and feeling of the body, we feelings."""
370,Spoken Tutorial Project is a part of the Talk to a Teacher project.
371,"Now type: At the terminal, type:"
372,Select the Tool controls bar and select the Toolbar.
373,The text box appears.
374,"""And Jesus saith unto them, Ye men went into the city of the synagogue, and said unto them, Baptist, My Holy Ghost had called the Holy Ghost, and in Jerusalem, and I will come unto the Holy Ghost, and brought Paul."""
375,Bring the first lines are done by the first and these different color mixing.
376,I will select the Sideale as it is and choose the Sale option.
377,Boy displays compassion in them.
378,Krishno of Krishna does not Krishna.
379,As an assignment:
380,"""The God's name is the first indicating the God's name of all."""
381,Whom are fairvide in those days.
382,"From the Categories, select Java."
383,"""Subed the sun, He started"""
384,"""Crying the things which shall be turned into the grain, and cast them from the root; and they shall be judged."""
385,"As we can see, it condition style."
386,"As we see, the value of addition is 2."
387,"For assignment,"
388,"Select Text and select the Delimited by default, select End."
389,Anjayah: One who is the infer of creation.
390,Now I want to image.
391,Create Table Dialog box.
392,Boy displays humbleness in you.
393,Who are many faces?
394,But a static method can access variables and access the static method.
395,"""There is not possible to talking and harshunning, milk from cow."""
396,Here is the another law of the players that is written below.
397,"We see that the image is one image and here, we have 2ndons and here."
398,Now we can see a static method.
399,For this man's office and his disciples were not as shown.
400,Here you can see the GIMP for the GIMP and the GIMP’s just click on File.
401,The most of this is written.
402,He will be eat only.
403,"In the default location, select the drop-box and select ‘Bank’."
404,This is our header file.
405,10.
406,You go to the country.
407,and I don’t want to do it.
408,The 'n' icon is a great favour of the Jat' and 'Su' before.
409,"""I was able to see the blameless and sinned: for whom I did not have sinned, before the blameless, and how he was no man."""
410,"But when I’ll adding the GIMP, I want to modify this image is done for the GIMP."
411,Then we will type the headeri i.e.
412,This is a roam.
413,You both must do.
414,"""And his brother opened his brother, and John his brother:"""
415,"""In this lesson, after the specify the beginning of youthosha."""
416,and click on Save SDV.
417,"""For I say unto you, That we shall say to Jerusalem, For that I say unto you, That I say unto thee, That he had given all men."""
418,Click on the Calculus course at the bottom of the window. Scroll down to see the course.
419,"""But the hour hath done all men, and the works of God: and the Father hath done unto him the man according to his father."""
420,Create a class and observe the main method.
421,Then click on Add question button at the bottom of the page.
422,temple are there in the temple.
423,"In this tutorial, we will learn to set the Koha Library Management System."
424,Let us see the correct option as the Toolbar.
425,"""But ye have known unto thee, and say unto thee, Salvation unto thee, and in the kingdom of God, that is unto thee, and in thee, the kingdom of God!"""
426,1. Why is?
427,The God is known before the God.
428,"""And they took them, and said unto them; but now they will not be sin; but now are not the glory of them that they might believe."""
429,TERMINAL QUESTIONS
430,"From the drop-down, I will select Author (A)."
431,They must be used to make a cow.
432,You students synchronize the name of Jesus Christ.
433,"""And as Jesus answering spake unto them, and make sure the hope of the parable unto the dead, and to teach them that were astonished at Jerusalem, and to another?"""
434,As an assignment-
435,"Now, let us try the command."
436,The Spoken Tutorial Project team conducts workshops using spoken tutorials and gives certificates on passing online test.
437,Let us go to the application by reference.
438,"""By making Samyama on the ankle."""
439,You can also take some of the email can also used as well as well.
440,This is because the works of figures.
441,Teachers the teacher.
442,"""For this is not the work of Israel, that they might be full of Israel."""
443,System.out.out.println ( ⁇ ) then n = 1;
444,"""For he saith unto him, Ye shall be able to drink him, that which is in the tempted of God?"""
445,"""In the same part of the lesson, raise the same in the position of the lowercase and toes."""
446,"""And the left him, and went and with him, that he might take him with him."""
447,?
448,"""And there answered and said unto him, Lord, that it is better to be saved."""
449,Sepers( ⁇ ) structure.
450,"""But when he had given them evil, they buildings on evil for a man's sins"""
451,Go to the terminal and A keys simultaneously on T keys simultaneously.
452,We both must believe.
453,"So, our code are now our program.c."
454,Here is the next option for Chaptistor or selection.
455,And in the time without any man didst guidelines and deities.
456,Bhishma cometh in the area.
457,Emb the values of 11 and Endlla value of 250.
458,"""And he said unto them, No man's worth not."""
459,"Now, let us start with administrator role."
460,This is a Sanskrit language.
461,"""In different parts of the body,"""
462,"""The page comes from Shalabhasana, Sukhasana, Bhujangasana, Shalabhasana, Sukhasana;"""
463,The HTML page will help you to the HTMLaces in Moodle. Please download and use the spoken tutorials.
464,"Next line, type else."
465,Those two are soldiers.
466,eonon should be done by physical from otherorganisms.
467,Note that our file name is point.cpp
468,"""I charge you, Lord any man in my brother, that thou shalt also ask his hands and pull his own hands: ye ask your eyes."""
469,We are now in the teacher’s dashboard.
470,"Now, I will enter: For Tax field, I will enter as 4th field."
471,A block is a servlet.
472,"In this case, we will use the constructor of constructor."
473,I'll increase the color of the colours in the slider.
474,Depending on the jobs that has not knowledge of truth.
475,"""For I bring you gladly: for the people shall find out away; and went to the kingdom of God."""
476,Double-click on Inkscape and click on Inkscape.
477,"""But one answered and said unto him, Thou shalt not in my Father, and in thee: but my Father is at thy way."""
478,What are those servants?
479,"For that, type the command: Student within the command. Press Enter."
480,"""For ye know not that he hath not the body: for it is, he that believeth on him, and said, Take no man know not."""
481,I will keep the Eada's feet.
482,"""Rel was the king of Hathia, Guia, Rabhajanya, Lystra reflecting to Lakshas, Kaka, Lu."""
483,Sewal to make the side of the chloride.
484,It summarizes the Spoken Tutorial project.
485,"So, let's put a write the code as it is written in the question."
486,"""And he that is with whom God hath shewed these things, he that is unto you, he that is in every man should be with God, and of God."""
487,It is not known as the causes of Yoga.
488,"I have created a file using the commands, using the commands."
489,"""And the Jews answered and said unto them, Take heed, Baptistle, supposing that they came to enter into their house, and went out of their heart."""
490,"""And the multitude followed him unto them, and said unto them that God cast out of his brother: for he saith unto them, O ye shall see in the wilderness."""
491,Adayuga: One who supports the soul of all beings (s).
492,Useful
493,It also helps to relaxing your breath.
494,Ananta- useful in dramances decompense organs.
495,"It is also used by the names of Indian breeds in Indian music, rivers, food, cow with the food from the food nuts."""
496,"else, if this condition2 is true, this condition2."
497,"""During breathing, reversed in,"""
498,Try outwards.
499,Have Rama Rama with his brother to fight?
500,Boy displays regard on you.
501,These are the names of all defined.
502,We can create a method as Design() method.
503,"""And it came unto them out of the disciples, and told him unto a place of the Spirit, till they were nigh."""
504,You two are playing.
505,We see the output from the entire sequence.
506,"On the left hand side, click on the small cross button."
507,Let us summarize. In this tutorial we learnt about:
508,All other words are they cannot have heard a identified with a identity.
509,We also set the option account like set account.
510,Observe that the color is one of the original color is 3 or more.
511,This variables are variables of instance variables.
512,"""Then Peter answered him, and said unto him, Yes."
513,"""To arrive away the most of the nature, powers, the plants, reached and the Lord of the gods will come in the most time of the most time of the most time."""
514,"""And he said unto them, Whithersoever ye will make any man; and wise shall give me the Father in any man hear his house hath done."""
515,Sarvavo: One who cholicds those who are all those who passs etc.
516,Click on the arrow at the bottom of the category. This is created and drop-down is the category on it.
517,"And he saith unto them, Who said unto the devil;"
518,and Feel the outside the air pollution.
519,"""Looking entire fields, let him be able to do that any time."""
520,It is important to protect the other important things which are called in its stamber.
521,The steps is displayed in the following keyword.
522,Let us summarize the text-cure it.
523,"""Trying in the blameless, chanting the body of the body."""
524,"And to add a new node, we will learn about:"
525,Sri Krishna tried by clicking on the Pandavas.
526,"So, I will leave 1 as it is."
527,Sri Krishna placed the chariot between the two armies.
528,I will show many as Isoprene .
529,You both saw the story.
530,Those two are horses.
531,Go to the tool and click on the tool button.
532,I will select the right armed here and select the forear mode.
533,"Next, let us see the implementations using the java program."
534,They are done to create in two blank boxes as well.
535,Click on the Fill changes button at the bottom of the Fill box.
536,"""Whosoever I go into the coppers, the face of the brain renders and the Lord of you, that rendered."""
537,"""But woe unto you, if there be no place, and where thieves break, there be no place and in the earth."""
538,We have to the option.
539,Boy displays affection in that.
540,"""And the first that heard of the days, which were on the last day, despised;"""
541,"""And he said unto them that was in the midst of God: for it is of the Lamb is of God, and the Lamb."""
542,"With this, you increase the height of the breathing and out the body."
543,"We can see the logo for any other images, the source man's name and email fields."
544,"""And when he had taken the fields in the village, he went to the villages."""
545,Boy displays respect in these.
546,"""This is the Spirit of the Spirit, and the Spirit of peace."""
547,Now we can use static methods.
548,4. Nadi Shravinda means 'Comer' is added to Nat'.
549,The eye is focusing the eye of these changes to learn the eye.
550,We have declared a constructor with parameters.
551,Varuna: One who supports the most important and knowledge of blood
552,"So, type the following code to type: ""Downloads, within brackets, type the name of the given within brackets, name of the given name, email idolchief."""
553,Sit on the heels.
554,"""You also written in the kingdom of a cloth,"""
555,"Now, let us try out the fields."
556,6. Water and plants?
557,What does human system?
558,Let us go to the GServlet dot java.
559,How is the water in water.
560,Let us now create a database for FrontAccounting.
561,Note that we want to check the method to zero and use an incremented x.
562,"""For ye have written unto you, that ye may believe that he may believe."""
563,"So, let me open it."
564,You all obtain cloth.
565,I zoom into the image with the help of the image and I can set the effect on the image.
566,Customers give you can help to maths tool.
567,"""S music is the word of God."""
568,He was not drank.
569,"""For we love us by us sin, and sinned, but by us to sin, but by us from all things."""
570,Let us start with the introduction to loops.
571,You may now leave a list of the option which means to check-click on the content of the option that particular webpage.
572,The Spoken Tutorial Project Team conducts workshops and gives certificates for those who pass an online test.
573,This completes all times.
574,Here is a program.
575,You go to the villages.
576,Type the following variables and clean in the variables.
577,"""And he took him, and took him on their clothes, and heard him."""
578,4. Making a brow of water is called tree.
579,"To find the item,"
580,"""I am Satted by the work of Ze, and to be Epest with grace;"""
581,Here is the std names of the whole structure and press Enter.
582,Look here.
583,id in Greet all.
584,These are two
585,Slightly water from the flower.
586,"In the file, type: ""c"" file""."
587,"Similarly, we can only one course to the list."
588,What you do?
589,(Kagers) is the words.
590,Click on Add new button at the bottom of Add button.
591,Then click on the tab button at the bottom of the window.
592,"In the 2nd method, close the return statement as ""Hello"""
593,We will also learn how to use an amount.
594,Create a name of the label name and name.
595,A double-up window appears.
596,We have learnt to:
597,Depending on your system
598,"Similarly, we will learn about the values of data using write- group functions in different sequences types."
599,"""As you see that, it is very dark, by the opacity of the lands, is right hand."""
600,Write the position for breathing.
601,Whose is reality.
602,You will see another as your interface.
603,Go to the star and click on the star.
604,"""But when the manufacture will be used in its miss."""
605,Cow was milk.
606,Pages is a function of main function.
607,"However, please edit the date."
608,This student will be used to students students students.
609,"""After studying this lesson, you will be able to:"""
610,"In the text box, leave the text-box for your choice."
611,That is a selection of the video available.
612,This is a fame.
613,"In this tutorial, we have learnt about the basic knowledge of other for proper support using:"
614,"Locate the Contents I want to 110040, it comes out greater than 8040 as 80, I have to 60."
615,Boy displays affection in these.
616,"""• Store the abdominal muscles of the thighs, blast and relax it."""
617,And some grainensils used to other important-ons for joining.
618,"""It is important to enhance to enhance and enhance to fight the values of nutrients, disease."""
619,The file will be used to session.
620,Naado: One who is the fourteenor medicinal value of the earth.
621,These are these boys.
622,Raja Yoga is not read the shlokas.
623,Start the XAMPP services before you begin working on FrontAccounting interface.
624,This statement will print the variable of statement.
625,You sit down.
626,"""Verily, verily I say unto you, He that I say unto you, Father: and I say unto you, that I shall receive the Father; and I say unto me."""
627,"""To whom the Father in his servant, let him go and warm away; and go not to my Father."""
628,Students knew mathematics.
629,recitely that physical exercises have anklegrooms or made the most commonly.
630,Moodle 3.3 and Firefox web browser. You can use any web browser of your choice.
631,"""Plants also water, sunlight."""
632,This file will save the home folder in your home folder.fasta' and press Enter.
633,You may speak
634,By making Samyama on the warlikey of your mind.
635,You all must pray.
636,"""The science of Yoga should be constitute the shlokas related in the music of the world."""
637,"""But now I speak unto you, and the glory of the law? walked I in the glory of the truth."""
638,Now let us see how to execute the same program in C++.
639,"In the Maintenance panel, click on the setup link."
640,"""And he saith unto them, It is not manifest in himself: for whosoever believeth on him that he shall see him."""
641,"To record this tutorial, I am using Ubuntu Linux OS 16.04"
642,"I will enter the name as ""Name""."
643,"In the default default option, we will open the default 'C'."
644,"""And it went in their clothes, as well in the wrapped their clothes,"""
645,"To follow this tutorial, you should be knowledge of knowledge."
646,"""And Jesus answered and said unto him, Except ye were made, when ye were gone out of God, the Holy Ghost had made Jesus Christ."""
647,Sage
648,"""Theymarishi, there is a Indian earth and a Indian rabage."""
649,He was known as the sunlight and all the void.
650,Pressing to increase the 4 of water.
651,"""Brethren, return the books to another."""
652,"In this tutorial, we will learn to create a message and how to send a message."
653,"""Samayah: One who is a great space, infl, Milk, Mal, sabuli, kidi, May etc."""
654,"""The sunlight,"""
655,This opens a window.
656,Consider the question and run for our program.
657,Click on Show Layer Mask.
658,Kapalabhati is a jumping the Kapalabhati.
659,garden there in the garden in the garden.
660,You will use the terminal and
661,FrontAccounting interface.
662,"But for these fields, some text has changed the users."
663,"In this tutorial, we will learn about:"
664,"""It is different determilky of trees, their parents may be duration."""
665,"""And when they could not tell thee,, or mour? Cover it in the way? Cover him, it not in your eyes."""
666,"First, the data is displayed in the data."
667,Click on Edit menu and click on Edit menu.
668,Let us summarize. More information about this tutorial.
669,"""Verily I say unto you, Argnas, Gunnashi, than the kingdom of Goli, is given by the harlu."""
670,"To run a right, click on the Run and Run it."
671,"""Then the hour Jesus entered into the way, and it came to pass, because he was sick in the way of God."""
672,"Now, let’s change this to change this."
673,"""And Jesus answering said unto them, Why do ye not?"""
674,"""He has prescribed on the solarter, it is said, Sattvavaelvadel within the brother, Bhakti Yoga"""
675,• Maintain the final position for about one minute with normal breathing.
676,water is cooking.
677,"In this tutorial, you will learn about the entire forms of this lesson and how to talk."
678,"""And they brought him to Jesus, and took him: and they laid him: and they laid him in Jesus."""
679,"""For they are the more in that which they are the intensive, they intest against Jesus, the day's journey."""
680,"""The mind is straight from mind, and exhalation."""
681,"As an assignment, we have a new subcategory to: 2nd Year Maths subcategory 2nd Year Maths and here."
682,"""Inhale, raise the body straight and toes on the ground."""
683,Keeping the neck of the palms with the meditative postures.
684,But legs.
685,Come back to our terminal.
686,Move the mouse inside the box where the box.
687,And it is good to be careless.
688,Type local slash user slash bin slash bin slash.
689,"""And as children, Simon Peter stood by him, son, Simon? I have written unto thee, son, son of Jonas, son, saith unto me, Lord? And thou knowest the sheep, Lord? He saith unto him, My sheep."""
690,"Let me go to File, click on Save As and 'gif' information and 'gif' that 'gif'."
691,Name the characteristics of human and are dead?
692,"ii. ""Setrungry, ghee etc."""
693,"""After Magleft, love"""
694,"""Injay, gains came from chem."""
695,Boy displays trust in you all.
696,Let us add acknowledge.
697,Paternal grandmother chanted Krishna.
698,Fold the right leg and under the knees
699,"""And when they had spoken unto him, they departed, and worshipped him, and worshipped him: and his hands they opened unto him, and wondered."""
700,"""And Jesus brought him to him, and said unto him, This is the disciples: and the disciples saith unto him, This is our father."""
701,This is possible only on the top of type: the number is used.
702,"Here, we have to execute the book command from the Checkout table, that will execute the page."
703,"""But the fruit of the synagogue, when the sabbath day is come in the synagogue, and the children of the synagogue:"""
704,"If we have to download the files, we need to download and the file or directory?"
705,She is not wish.
706,That is the main cause of flowers.
707,Ardásana: Tádásana
708,And then please cut not visible.
709,Child has respect in me.
710,Click on Create a new question button. Then click on Create button.
711,and see that there is another code below.
712,"""You have seen that they were only, water, but also were dissolved in the sky and every day."""
713,"""For we see that ye are able to see you, that ye may see, and pray to you: that if we ask the same steps our eyes."""
714,"""In these two types of physical are bishishes, the food is total total nature."""
715,"""And he said unto him, Whomsoever I do the city, I will spar, and spring on the Lord."""
716,"As it, click on Save. Click on Save button."
717,"""But when we have no sin, being ended the flesh hath perfection of God."""
718,The courage is now.
719,"""Yea, and the prophets of the prophets, and the prophets of their trembling man,"""
720,You two are observing the army.
721,"Under Cons tool, Create another option, under Firefox web resources, select Firefox web browser, Open etc."
722,Note that the file name comes from the file to saved.jsp removed.
723,The Spoken Tutorial Project Team conducts workshops and gives certificates.
724,3. How is found it.
725,"And here, I will enter the value of 100."
726,It is very useful for this lesson.
727,Compile as before.
728,"So, there is a brush and click on the brush orange colours here. The image has a brush or where the image has changed to save it."
729,"Sit with both breathing, Shravana."
730,"""Brethren, the river will be external body."""
731,Boys are hearing.
732,Some of these plants are some diseases.
733,The table is in the ‘centering’s say.
734,"""And they spake the people unto him, saying that they departed, Take no more went into the people with Paul."""
735,"""Toing designing, working with the made of pot, work etc."""
736,Boy displays affection in them.
737,"""After studying example, plants will be growing in food to make food."""
738,"""Initial standing with a song, live"""
739,Epah:One who protect the Lord and Krishna.
740,"""That the law of Christ should be made unto life of righteousness, but of righteousness, even Christ."""
741,"""Slowly raise your palms facing your feet, as the ground (Keep) and the ground) point your feet."""
742,"I will edit the details for my fields, I will do the indignation."
743,"""And he saith unto them, Mabout, biodegradable."""
744,"""""""Yes, saying that this is dead should be fulfilled."""
745,Click on Browse and password details.
746,"Now, I will say the string is declared."
747,Let us now change the arrow.
748,"Now, inside the main method."
749,Type the prompt: grep space minus i space within double quotes space grepdemo.txt
750,"If not, for relevant tutorials, please visit our website."
751,Choose the file on 30Mb file and click on the file button.
752,Step BI VIRASANA
753,If we need to provide an Animation for the abstract interface.
754,"""But if I say unto thee, Father, thou art the kingdom of heaven: and whom he may be baptized with a loud voice, and whom he may be baptized."""
755,"""And he said unto him, A man is a man, he: and a man is the Son of his name, he that is, and his Son of man, and he cometh in his Son of man."""
756,"On doing so, the File name is Save File and File opens."
757, ⁇ ् ⁇ ा ⁇ ् ⁇ ं प ⁇ ा ⁇ ् ⁇ ् ⁇ ् ⁇ ारति  ⁇ 
758,"""And Paul said unto him, Not so thou the Son of heaven: and when I know that thou knowest the Jews have been explained, they laid him."""
759,"""And they began to accuse him, saying, Lord, that they might take him, and take him, that he might have spoken unto him, and said unto him, that he might bear his sight:"""
760,They all mustna.
761,Samaya are the following functions
762,Select the handles to resize and the star.
763,We are teachers.
764,Now type: ls space -1 ⁇  and press Enter.
765,Click on the canvas and drag it to see the name of the canvas. Delete key and remove the canvas.
766,Arch the back concave upwards and the head down.
767,"""If any man be up into a day, the cup of the Lord is put up, and the musical instructed by the Lord should be up."""
768,"""For all things are crucified in the spirit, that none other: but the Spirit is Christ."""
769,This will now create a layer and draw a better point.
770,Bauk:
771,sewing need to take some thread from coaling.
772,Go toggleies the flower and the movement of the flower.
773,"""And he said unto them, Take me the Lord: and his feet."""
774,"After reading this, you will be able to infhes the assignment."
775,"Now, let's start with this first."
776,We can see the 'x' of the Server' process in the home folder.
777,Move the details to get the link shown below.
778,"So, I have done that the form is now I want to work."
779,Cost.
780,"""And as the first blood, they have heard of blood, and worshipped him in their own flesh: for it is come out of the square etc."""
781,Save and run the code.
782,Stretch the palms on the ground.
783,"Now, click on Scale and I can see that the image."
784,"By default, select nothing for default, select."
785,11 and Raju as the constructor is initialized to 11.
786,"Now, click on the next button."
787,After reading the lesson.
788, ⁇ वकः करति  ⁇ 
789,The “B” will be given to a single quotes.
790,"In this case, the begin as shown here."
791,"""And the seven angels were filled in the seven plasts, and the seven plasts of the seven white linen."""
792,I got good marks.
793,"Now, let us now learn how to use this tutorial."
794,I get book.
795,"At this tutorial, you will be used for refer to spoken tutorials."
796,"""And when they were come into the day, they departed from Tyre and came unto you, and came unto the day."""
797,More information on this mission is available at the following link.
798,"""And when they saw it, and said unto them, Whose thou done? and tell you, What do ye have done these things?"""
799,General menu will show the General Class and Fog.
800,Please do not post unrelated and general questions on them.
801,"""For if they shall leave the door, and shall rise again, and shall be unto him; and shall bear thee."""
802,Click on Save.
803,"""And when the beast had taken, the judgment of the image, and the loaves, and the loosed the gospel:"""
804,"This function is used for variation or financial year, assignments for their accessor link."
805,"To understand the illusion, go to the flow of one by clicking on the 'sh' and the Raga."""
806,1.............. .
807,"If yes, then retrieve some time for language."
808,I wrote a Sanskrit song yesterday.
809,• Supine Asanas - Supine Posture
810,"Here, we have to extract ALYYYST."
811,"If it is because the 'n' has changed, the instance of the current method that is done by the fields."
812,"""It is said by most important things, animals, which are called Ending of life, animals, animals, animals, animals and our eyes."""
813,"Now, click on the keyboard."
814,"Now, let us see the URL."
815,I will go back to the Background layer.
816,"Here, the first line of the sequence is 9."
817,He swine from cows.
818,Cow was given to treatment.
819,"""Of all these things, for no man shall have sin for the punishment, but for man man man man can do, for sinners."""
820,"Again, click on the drop-down box and select the drop-down."
821,If the errorMsgs list is not empty then we display the errorMsgs.
822,Click on Save.
823,"""What? why do we say unto our fathers, what1 saith unto Abraham?"""
824,Note that we use the instance of fields.
825,More information on this mission is available at the following link.
826,Again is the remembing of Ariing.
827,"On the same page that opens up, 0 is not 0 to 0."
828,"In the Projects window, right-click on the Projects window."
829,Apart from Bank(Amount) and
830,Boy has faith in you all.
831,We will use the variable 'dot' to the keyword.
832,"To record this tutorial, I am using: Ubuntu Linux OS 16.04 and Koha version 16.05."
833,"""But unto them that dwell in the way of his kingdoms and for the first: for he saith unto them, This is not for every man for he."""
834,"""And when he shall be cast out, the godly among themselves, then the god is loosed to be cast out the people?"""
835,Gently click on the D page.
836,"""And heard the whole body, they took him, and took him, and took him, and led him what manner of the knees?"""
837,"If any error is ask your error, then you will be installed on your machine."
838,Then go to the tab 245 TITLEMENT:.
839,"""And he said unto him, Ye shall not be also: for the Lord Jesus's sake of God; and the Father also walk that ye might be sent me, and the door of the same shall be full of the earth: and the door of God."""
840,"""But when we had done all the people, all men will be able to stand in all men, by every man that which we keep the body."""
841,Now this this white colour is black and white colour; I want to see it is OK.
842,"""And the people came to pass, and the voice of the people unto him, that they were astonished at the time of Jesus Christ."""
843,"Sometimes a command is equal to identify, that will not be installed."
844,Press his name and press Enter.
845,"When you type the name of the user, check-nals, check it shows that typing and display your typing."
846,"Now, we can see that there is an output."
847,"""Looking for some rounds, please visit the right armed completely-beit from the left nostril, ratusipurbled"""
848,Scroll down and click on Save changes button.
849,You may also know that carrived by maintaining level and make our brain.
850,Good clay you.
851,I don’t want to have good times.
852,Now we will also perform the following modifier
853,Many young children crystal.
854,Yagya Pranah: One who is the enjoyer of Yagya.
855,Click on Save. Now we will change the header file to i.e.e.
856,Boy displays friendship on those.
857,The code for awk is written in the BEGIN section.
858,In the course is a forum for another tutorial.
859,We can also add a Navigation block. Click on the Add menu.
860,I will enter the Sattity of 0 to 0.50.
861,Surano: One who has moves to cutter.
862,"To make a Build menu, go to Build menu and click on Build menu."
863,"Under the next window, we can see the packages sent to Tab."
864,Useful for the settings
865,Please do these things using this command.
866,What are you all things?
867,More information on good bandwidth.
868,"""Lie down the head on the head, and the head is not hand on the head."""
869,"Let us summarize. In this tutorial, we learnt about the tutorial."
870,"If not, then we want to rotate the error message with the logo."
871,Do not bend the scriptures.
872,"""They did eat the water of them, and went into the water, and went into the water of the rivers, and saw the water."""
873,"When you type the time should be used to type, save and to be typing."
874,The syntax of Moodle website is for Moodle website.
875,We see a message that once again print the error message java program.
876,The users are done by the correctly.
877,What is the flowers?
878,They have important to learn some diseases.
879,"Just drag in the Macial dialog box, by clicking on the canvas."
880,"""And they all the prophets, and began to him, when Jesus saw him, Peter Peter began to see him in the kingdom of God."""
881,"So, in the words begin with the following page."
882,Let us start with the username Bella and her password.
883,Feel the air by clicking on the abdomen in the air moving out the air.
884,"In this URL, it is the port number of installation, given by author and made ready."
885,9.0 Let us change this to 9.
886,Click on the folder.
887,"""Woe unto you, all things which ye be! for ye are the knowledge of the world, ye be saved."""
888,You can access the right-click on the server node.
889,It is not a writes named as Lord.
890,"""Then said unto them that were the church of living God is not many living."""
891,"""And God made us unto the glory of our Lord Jesus Christ, called us unto the Lord, and of God;"""
892,Those two are the deact?
893,Girvandah: One who cannot be worse without any man't-wed.
894,"""From that Mahabharma, Kabirta, He who is made to keep the most of the world, and He that happened."""
895,Arjuna is there.
896,Now peace be with you all.
897,"Now, let us make the Firefox window."
898,"And he said unto them, They do these things are able to ask you."
899,"Okay, we have no longer time in this tutorial. Let’s time we have already."
900,"""And they saw that other fell asleep: and they were left him."""
901,Boy has new clothes.
902,They are used as 3 in 3% of 35 and they are printed.
903,"It has a similar to it by default, the course Calculus under it, it will be given to it."
904,"""But these things were for Sita, and went to Sita by the people, but for all these things which were visit our infirmities."""
905,Food the process of food
906,It is important to perform the an object.
907,3. they were sitting on land of birds and folias (poli) They make our own food.
908,Both the soldiers is complete.
909,"So, I select the colour from the foreground colour."
910,The Spoken Tutorial Project Team conducts workshops using spoken tutorials.
911,"""In this lesson you will be able to make the breathing practices of our mind, brings relaxation, visit our mind and nervous system."""
912,This brings us to the end of this tutorial.
913,"These are similar to other options, we have other applications with other web browsers."
914,We have successfully created a server.
915,and execute it in work.
916,"""And there was no jit of the Spirit of the Lord of righteousness, that ye were nothing of righteousness."""
917,"""And when he were astonished, he departed, he made us in the church; and they were astonished at him."""
918,Sage was instruction in a duration.
919,"Increases that the text has the ""paste"""
920,"Withouting the right leg, both the right leg and place the floor as possible."
921,Let us go back to the terminal.
922,Here is the value of 1 by 1 to the first field for ‘f’ is 2nding value of 6 which is ‘fix’.
923,Students saw matched.
924,"To do so, go to the top right corner, click on the drop-down. From the drop-down."
925,"""And again, behold, I will come unto you in the father, and will come unto you, that thou shalt not come in the Lord, and the things which were in the Lord, by me:"""
926,I will leave the blank.
927,INTEXT QUESTIONS 9.4
928,"Type “c”. Type “cr” space two opening angle bracket, type “-bracket”."
929,"So, I go to the Edit >> Plant suggests."
930,Click on Print button to retrieve the right.
931,3. What is the four streams
932,The Spoken Tutorial Project is a part of the Talk to a Teacher project.
933,This is because we can see that the book has information on a particular module.
934,We see that the file has been printed by default.
935,"So, now I paint the brush and you can now paint the brush with paint brush and you can choose a paint brush."
936,Dharmi: One who is the bestows to bacteria.
937,"""For God hath known unto you our Lord Jesus Christ."""
938,You all must do.
939,"Among these lines, there is a selection for these option."
940,"""And Jesus answered and said unto him, This way; make any man took her, no propheets, no fear into her garment; but some physical activity."""
941,"""And there appeared a great wonder in heaven, saying, Art thou, Sabylon, which is a great company of angels,"""
942,iv. fore brain
943,"For this image, we can increase the different indices with the help of this image and rectanged."
944,Let me go to the terminal.
945,Now we will learn about main function.
946,"""The people ran in the form of godliness, light and peace is like all wisdom."""
947,"""Let us be with the church of the church: One who hath known what manner of God hath known as the church of the church of the church, and hath given unto you."""
948,"""Behold, he has many work, and death is not according to the death."""
949,"""And he said unto them, Thou things go to the Lord: if any man went to the church, let him go with him to Jerusalem, and the brethren."""
950,To show the output from the output of 'C'.
951,That should should look like a cres.
952,Please note that all the files will be “c”.
953,Sat-krutih: One who is the cause of the world.
954,"So, I select the Brushes tool."
955,"""For God hath made known unto him the power of God, and Greeks: for the power of God hath made us Christ Jesus Christ the power of God."""
956,"""Each posture-ka: This helps a small silver which is 109 to 10.3 century barka."""
957,We see that the output is “Hello”.
958,"At the prompt, type the command: http space double quotes and press Enter."
959,"""The subject matter of the Lord, and the powers that is come back to his parents, you all that you."""
960,Change the shape of the path and click on OK.
961,"There are many variation of Linux Operating System. This is a lot of typing, by the contents."
962,"In the next window, after the new window, if I will type a new password of your choice."
963,This message shows only one message that says: The message appears.
964,Make sure that the stable button.
965,"""And this is the angel of the new field, that we have kept the punishment of the new thing, and that is given to receive the things, and that hath chosen;"""
966,"So, there is no more value of 2fed program."
967,"This works on Linux, you can work on Linux."
968,---Add the audio  ⁇ 07:22 from the tutorial Place Sales Order in FrontAccounting timing :03:228 to 03:22 to 03:228
969,Tick for the relation of Plants they are their own children.
970,"""Behold, I shall be blame the almost among you, that ye shall be put away all the high priest, and shall be put away."""
971,"""Through it, start with your normal breathing, until the your palms around your eyes."""
972,"""The people of his own children, and said unto them, This is called the people of their own seventh day's wife?"""
973,"""And the devil said unto her, What is my joy? I am the truth."""
974,So here I don’t want to change only.
975,"Students he will enter the students as external teacher, if we want to enter the object."
976,"Home, click on the Home Page."
977,while loop.
978,Let us see the output as shown.
979,"For the computer, we want to add a computer."
980,"""And the stars of the Jews which shall devours also make long as other: for every man shall be fulfilled."""
981,"If all, behold, if I will be converted, all the end of the semicolon."
982,Optimize the MMFFF94 Force molecule.
983,bhutbhrut: One who supports the universe.
984,"A file name is useful in the name of the file that you are found on a directory to know the name of the file being used for example, a single quotes and gavour of files."
985,The word bhatio is produced by the words.
986,show geometries in coordination compounds and Build nanot.
987,Let us now give it.
988,Both the sides of the two nostril are their.
989,"In this lesson, you will use: stlibreoffice ⁇ gmail.com.org"
990,"Here, the first field is not visible for roll layer."
991,"As Blocks, we will learn about: Delvags, how to add Block."
992,"""They were placed on the basis, cow, ranging of our ears and organization."""
993,"And the blessed is unto them that are called forth unto the Lord? and the angels were called great city:"""
994,Slightly bend the breath.
995,"""And it was come to the end of the poor, and to a year, that great city was made unto thee: for the Jews made of thy womb."""
996,I'll worked diseases.
997,"""Then Peter said unto him, Wherefore? and said unto him, Whomsoever I say unto you, He saith unto you, My name is this man."""
998,"So, I have to pull this tool here."
999,The drop-down select a package and return to a user.
1000,"""Simate the whole body, and relaxing the eye muscles."""
